<?xml version="1.0" encoding="UTF-8"?>
<!DOCTYPE suite SYSTEM "https://testng.org/testng-1.0.dtd">
<suite name="Suite" parallel="tests" thread-count="5">
	
	    <listeners>
        <listener class-name="testNgFramework.ListenersExample"/>
    </listeners>

  <test thread-count="5" name="Test">
	  
    <classes>
    <class name="testNgFramework.NavigationWo"/>
      <class name="testNgFramework.NavigatetoGear"/>
      <class name="testNgFramework.NavigationMen"/>
      <class name="testNgFramework.LoginToApp"/>
    </classes>
  </test> <!-- Test -->
</suite> <!-- Suite -->
